<?xml version="1.0" standalone="yes"?>  <DATAPACKET Version="2.0"><METADATA><FIELDS><FIELD fieldname="SimID" attrname="xF0" fieldtype="i4"/><FIELD fieldname="radius" attrname="xF1" fieldtype="r8"/><FIELD attrname="amp" fieldtype="r8"/><FIELD fieldname="size" attrname="xF3" fieldtype="r8"/></FIELDS><PARAMS/></METADATA><ROWDATA><ROW xF0="299" xF1="6.5" amp="0" xF3="0"/><ROW xF0="301" xF1="6.5" amp="0" xF3="0"/><ROW xF0="303" xF1="6.5" amp="0" xF3="0"/><ROW xF0="303" xF1="6.5" amp="0" xF3="0"/></ROWDATA></DATAPACKET>