<?xml version="1.0" standalone="yes"?>  <DATAPACKET Version="2.0"><METADATA><FIELDS><FIELD fieldname="SimID" attrname="xF0" fieldtype="i4"/><FIELD fieldname="CompID" attrname="xF1" fieldtype="i4"/><FIELD fieldname="Title" attrname="xF2" fieldtype="string" WIDTH="80"/></FIELDS><PARAMS/></METADATA><ROWDATA><ROW xF0="299" xF1="300" xF2="New component"/><ROW xF0="301" xF1="302" xF2="Monomer"/><ROW xF0="303" xF1="304" xF2="Monomer"/><ROW xF0="301" xF1="305" xF2="Dimer"/><ROW xF0="303" xF1="306" xF2="Dimer"/><ROW xF0="303" xF1="307" xF2="Trimer"/></ROWDATA></DATAPACKET>