<?xml version="1.0" standalone="yes"?>  <DATAPACKET Version="2.0"><METADATA><FIELDS><FIELD attrname="ID" fieldtype="i4"/><FIELD fieldname="ContextID" attrname="xF1" fieldtype="i4"/><FIELD fieldname="Level" attrname="xF2" fieldtype="i4"/><FIELD fieldname="Order" attrname="xF3" fieldtype="i4"/><FIELD fieldname="Description" attrname="xF4" fieldtype="string" WIDTH="80"/><FIELD fieldname="FileName" attrname="xF5" fieldtype="string" WIDTH="80"/><FIELD fieldname="KeyWord" attrname="xF6" fieldtype="string" WIDTH="80"/></FIELDS><PARAMS/></METADATA><ROWDATA><ROW ID="298" xF1="0" xF2="0" xF4="Placeholder RTF file" xF5="Placeholder" xF6="placeholder"/></ROWDATA></DATAPACKET>