<?xml version="1.0" standalone="yes"?>  <DATAPACKET Version="2.0"><METADATA><FIELDS><FIELD fieldname="SimID" attrname="xF0" fieldtype="i4"/><FIELD fieldname="OpSys" attrname="xF1" fieldtype="i4"/><FIELD fieldname="stoch" attrname="xF2" fieldtype="r8"/><FIELD fieldname="infilt" attrname="xF3" fieldtype="r8"/><FIELD fieldname="schlieren" attrname="xF4" fieldtype="r8"/><FIELD fieldname="tip" attrname="xF5" fieldtype="r8"/><FIELD fieldname="warp" attrname="xF6" fieldtype="r8"/><FIELD fieldname="focus" attrname="xF7" fieldtype="r8"/><FIELD fieldname="fourier" attrname="xF8" fieldtype="r8"/></FIELDS><PARAMS/></METADATA><ROWDATA><ROW xF0="299" xF1="0" xF2="0" xF3="0" xF4="0" xF5="0" xF6="0" xF7="0" xF8="0"/><ROW xF0="301" xF1="0" xF2="0" xF3="0" xF4="0" xF5="0" xF6="0" xF7="0" xF8="0"/><ROW xF0="303" xF1="0" xF2="0" xF3="0" xF4="0" xF5="0" xF6="0" xF7="0" xF8="0"/></ROWDATA></DATAPACKET>