<?xml version="1.0" standalone="yes"?>  <DATAPACKET Version="2.0"><METADATA><FIELDS><FIELD fieldname="SimID" attrname="xF0" fieldtype="i4"/><FIELD fieldname="rpm" attrname="xF1" fieldtype="i4"/><FIELD fieldname="accel" attrname="xF2" fieldtype="i4"/><FIELD fieldname="duration" attrname="xF3" fieldtype="i4"/><FIELD fieldname="interval" attrname="xF4" fieldtype="i4"/><FIELD fieldname="rm" attrname="xF5" fieldtype="r8"/><FIELD fieldname="rstart" attrname="xF6" fieldtype="r8"/><FIELD fieldname="rend" attrname="xF7" fieldtype="r8"/><FIELD fieldname="rtop" attrname="xF8" fieldtype="r8"/><FIELD fieldname="rbot" attrname="xF9" fieldtype="r8"/><FIELD fieldname="radres" attrname="xF10" fieldtype="r8"/><FIELD fieldname="radinc" attrname="xF11" fieldtype="r8"/><FIELD fieldname="density" attrname="xF12" fieldtype="r8"/><FIELD fieldname="viscosity" attrname="xF13" fieldtype="r8"/></FIELDS><PARAMS/></METADATA><ROWDATA><ROW xF0="299" xF1="50000" xF2="400" xF3="7200" xF4="120" xF5="6" xF6="6.4" xF7="6.95" xF8="5.8" xF9="7.2" xF10="50" xF11="10" xF12="0.9982" xF13="0.01002"/><ROW xF0="301" xF1="50000" xF2="400" xF3="7200" xF4="120" xF5="6" xF6="6.4" xF7="6.95" xF8="5.8" xF9="7.2" xF10="50" xF11="10" xF12="0.9982" xF13="0.01"/><ROW xF0="303" xF1="50000" xF2="400" xF3="7200" xF4="120" xF5="6" xF6="6.4" xF7="6.95" xF8="5.8" xF9="7.2" xF10="50" xF11="10" xF12="0.9982" xF13="0.01"/></ROWDATA></DATAPACKET>