<?xml version="1.0" standalone="yes"?>  <DATAPACKET Version="2.0"><METADATA><FIELDS><FIELD fieldname="SimID" attrname="xF0" fieldtype="i4"/><FIELD fieldname="s" attrname="xF1" fieldtype="r8"/><FIELD attrname="d" fieldtype="r8"/><FIELD attrname="m" fieldtype="r8"/><FIELD fieldname="vbar" attrname="xF4" fieldtype="r8"/><FIELD fieldname="ks" attrname="xF5" fieldtype="r8"/><FIELD fieldname="kd" attrname="xF6" fieldtype="r8"/><FIELD fieldname="show" attrname="xF7" fieldtype="boolean"/></FIELDS><PARAMS/></METADATA><ROWDATA><ROW xF0="299" xF1="1.5e-14" d="7.200543856831659e-06" m="50" xF4="-0.015" xF5="0" xF6="0" xF7="FALSE"/><ROW xF0="301" xF1="1.5e-14" d="7.200543856831659e-06" m="50" xF4="-0.015" xF5="0" xF6="0" xF7="FALSE"/><ROW xF0="303" xF1="1.5e-14" d="7.200543856831659e-06" m="50" xF4="-0.015" xF5="0" xF6="0" xF7="FALSE"/></ROWDATA></DATAPACKET>