<?xml version="1.0" standalone="yes"?>  <DATAPACKET Version="2.0"><METADATA><FIELDS><FIELD fieldname="CompID" attrname="xF0" fieldtype="i4"/><FIELD fieldname="axrat" attrname="xF1" fieldtype="r8"/><FIELD fieldname="rs" attrname="xF2" fieldtype="r8"/><FIELD attrname="hyd" fieldtype="r8"/><FIELD fieldname="Specaxrat" attrname="xF4" fieldtype="r8"/><FIELD fieldname="Specrs" attrname="xF5" fieldtype="r8"/></FIELDS><PARAMS/></METADATA><ROWDATA><ROW xF0="300" xF1="4.983019931310133" xF2="4.765903999950645e-07" hyd="0" xF4="1.4" xF5="5.383461827303425e-07"/><ROW xF0="302" xF1="5.023043531172753" xF2="4.771876240876112e-07" hyd="0" xF4="1.4" xF5="5.383461827303425e-07"/><ROW xF0="304" xF1="5.023043531172753" xF2="4.771876240876112e-07" hyd="0" xF4="1.4" xF5="5.383461827303425e-07"/><ROW xF0="305" xF1="7.460008857306321" xF2="6.463783825040948e-07" hyd="0" xF4="1.4" xF5="6.782736861853653e-07"/><ROW xF0="306" xF1="7.460008857306321" xF2="6.463783825040948e-07" hyd="0" xF4="1.4" xF5="6.782736861853653e-07"/><ROW xF0="307" xF1="5.509976013200431" xF2="6.986823747499893e-07" hyd="0" xF4="1.4" xF5="7.764295478761531e-07"/></ROWDATA></DATAPACKET>