<?xml version="1.0" encoding="UTF-8" standalone="yes"?>  <DATAPACKET Version="2.0"><METADATA><FIELDS><FIELD attrname="CompID" fieldtype="i4"/><FIELD attrname="s" fieldtype="r8"/><FIELD attrname="m" fieldtype="r8"/><FIELD attrname="d" fieldtype="r8"/><FIELD attrname="conc" fieldtype="r8"/><FIELD attrname="vbar" fieldtype="r8"/><FIELD attrname="ks" fieldtype="r8"/><FIELD attrname="kd" fieldtype="r8"/><FIELD attrname="cell" fieldtype="i4"/><FIELD attrname="stoic" fieldtype="i4"/><FIELD attrname="Ka" fieldtype="r8"/><FIELD attrname="assoc" fieldtype="boolean"/><FIELD attrname="specks" fieldtype="r8"/><FIELD attrname="speckd" fieldtype="r8"/><FIELD attrname="specs" fieldtype="r8"/><FIELD attrname="specd" fieldtype="r8"/><FIELD attrname="show" fieldtype="boolean"/></FIELDS><PARAMS/></METADATA><ROWDATA><ROW CompID="300" s="6.5e-13" m="150000" d="3.8e-07" conc="1" vbar="0.74" ks="0" kd="0" stoic="2" Ka="1" assoc="FALSE" specks="0" speckd="0" specs="9e-13" specd="3e-07" show="TRUE"/><ROW CompID="302" s="6.5e-13" m="150000" d="3.8e-07" conc="0.9" vbar="0.74" ks="0" kd="0" cell="1" stoic="2" Ka="0" assoc="FALSE" specks="0" speckd="0" specs="9e-13" specd="3e-07" show="TRUE"/><ROW CompID="304" s="6.5e-13" m="150000" d="3.8e-07" conc="0.8" vbar="0.74" ks="0" kd="0" cell="1" stoic="2" Ka="0" assoc="FALSE" specks="0" speckd="0" specs="9e-13" specd="3e-07" show="TRUE"/><ROW CompID="305" s="9.199999999999999e-13" m="300000" d="3.8e-07" conc="0.1" vbar="0.74" ks="0" kd="0" stoic="2" Ka="1" assoc="FALSE" specks="0" speckd="0" specs="9e-13" specd="3e-07" show="TRUE"/><ROW CompID="306" s="9.199999999999999e-13" m="300000" d="3.8e-07" conc="0.1" vbar="0.74" ks="0" kd="0" stoic="2" Ka="1" assoc="FALSE" specks="0" speckd="0" specs="9e-13" specd="3e-07" show="TRUE"/><ROW CompID="307" s="1.32e-12" m="450000" d="3.8e-07" conc="0.1" vbar="0.74" ks="0" kd="0" stoic="2" Ka="1" assoc="FALSE" specks="0" speckd="0" specs="9e-13" specd="3e-07" show="TRUE"/></ROWDATA></DATAPACKET>